"","Penalty","Total","Yds","Pen/G","Yds/G","year"
"1","Holding",612,5585,2.73,24.93,1994
"2","False Start",454,2253,2.03,10.06,1994
"3","Offside",321,1573,1.43,7.02,1994
"4","Pass Interference",208,3430,0.93,15.31,1994
"5","Delay of Game",119,591,0.53,2.64,1994
"6","Encroachment",93,462,0.42,2.06,1994
"7","Face Mask",91,723,0.41,3.23,1994
"8","Unnecessary Roughness",83,1121,0.37,5,1994
"9","Illegal Block",82,845,0.37,3.77,1994
"10","Illegal Contact",64,318,0.29,1.42,1994
"11","Roughing Passer",58,787,0.26,3.51,1994
"12","Illegal Use of Hands",53,428,0.24,1.91,1994
"13","Intentional Grounding",31,372,0.14,1.66,1994
"14","Illegal Plyr Downfld",28,145,0.13,0.65,1994
"15","Illegal Motion",24,121,0.11,0.54,1994
"16","Illegal Procedure",19,93,0.08,0.42,1994
"17","Illegal Formation",14,65,0.06,0.29,1994
"18","FC Interference",12,117,0.05,0.52,1994
"19","Personal Foul",11,147,0.05,0.66,1994
"20","Too Many Men on Field",11,58,0.05,0.26,1994
"21","Illegal Crackback",9,121,0.04,0.54,1994
"22","Running into Kicker",8,69,0.04,0.31,1994
"23","Tripping",8,64,0.04,0.29,1994
"24","Illegal Forward Pass",7,30,0.03,0.13,1994
"25","Ineligible Receiver",6,25,0.03,0.11,1994
"26","Illegal Substitution",3,13,0.01,0.06,1994
"27","Illegal Fair Catch",3,13,0.01,0.06,1994
"28","Taunting",3,45,0.01,0.2,1994
"29","Illegal Shift",3,15,0.01,0.07,1994
"30","Clipping",3,27,0.01,0.12,1994
"31","Illegal Touch",2,5,0.01,0.02,1994
"32","Illegal Receiver",2,5,0.01,0.02,1994
"33","Kickoff OOB",2,10,0.01,0.04,1994
"34","Late Hit",2,21,0.01,0.09,1994
"35","Short Free Kick",1,5,0,0.02,1994
"36","Kicking Loose Ball",1,10,0,0.04,1994
"37","Holding",562,4955,2.34,20.65,1995
"38","False Start",511,2515,2.13,10.48,1995
"39","Offside",295,1431,1.23,5.96,1995
"40","Pass Interference",258,3989,1.08,16.62,1995
"41","Face Mask",114,1078,0.48,4.49,1995
"42","Illegal Block",109,1071,0.45,4.46,1995
"43","Encroachment",108,528,0.45,2.2,1995
"44","Delay of Game",107,519,0.45,2.16,1995
"45","Unnecessary Roughness",100,1358,0.42,5.66,1995
"46","Illegal Use of Hands",63,457,0.26,1.9,1995
"47","Roughing Passer",45,597,0.19,2.49,1995
"48","Illegal Motion",41,205,0.17,0.85,1995
"49","Illegal Contact",30,191,0.13,0.8,1995
"50","Intentional Grounding",27,318,0.11,1.33,1995
"51","Illegal Plyr Downfld",26,135,0.11,0.56,1995
"52","Personal Foul",23,303,0.1,1.26,1995
"53","Illegal Formation",22,109,0.09,0.45,1995
"54","Illegal Procedure",22,109,0.09,0.45,1995
"55","Tripping",14,140,0.06,0.58,1995
"56","Illegal Forward Pass",12,44,0.05,0.18,1995
"57","FC Interference",9,103,0.04,0.43,1995
"58","Illegal Touch",9,25,0.04,0.1,1995
"59","Illegal Shift",8,40,0.03,0.17,1995
"60","No Data",8,36,0.03,0.15,1995
"61","Running into Kicker",7,47,0.03,0.2,1995
"62","Ineligible Receiver",7,35,0.03,0.15,1995
"63","Illegal Crackback",5,66,0.02,0.28,1995
"64","Illegal Substitution",5,21,0.02,0.09,1995
"65","Illegal Receiver",4,10,0.02,0.04,1995
"66","Kickoff OOB",3,15,0.01,0.06,1995
"67","Too Many Men on Field",3,15,0.01,0.06,1995
"68","Clipping",3,42,0.01,0.18,1995
"69","Batting Loose Ball",2,20,0.01,0.08,1995
"70","Illegal Fair Catch",1,5,0,0.02,1995
"71","Late Hit",1,15,0,0.06,1995
"72","Excess Celebration",1,5,0,0.02,1995
"73","Taunting",1,15,0,0.06,1995
"74","False Start",584,2889,2.43,12.04,1996
"75","Holding",565,4953,2.35,20.64,1996
"76","Offside",276,1354,1.15,5.64,1996
"77","Pass Interference",251,3806,1.05,15.86,1996
"78","Illegal Block",133,1333,0.55,5.55,1996
"79","Unnecessary Roughness",125,1690,0.52,7.04,1996
"80","Face Mask",122,1009,0.51,4.2,1996
"81","Delay of Game",118,586,0.49,2.44,1996
"82","Encroachment",102,504,0.43,2.1,1996
"83","Illegal Use of Hands",98,746,0.41,3.11,1996
"84","Roughing Passer",49,671,0.2,2.8,1996
"85","Illegal Contact",36,211,0.15,0.88,1996
"86","Intentional Grounding",34,378,0.14,1.58,1996
"87","Illegal Motion",30,150,0.13,0.63,1996
"88","Illegal Plyr Downfld",28,137,0.12,0.57,1996
"89","Illegal Forward Pass",21,79,0.09,0.33,1996
"90","Illegal Formation",18,90,0.08,0.38,1996
"91","Tripping",15,160,0.06,0.67,1996
"92","Running into Kicker",15,120,0.06,0.5,1996
"93","Illegal Touch",14,37,0.06,0.15,1996
"94","Illegal Procedure",10,73,0.04,0.3,1996
"95","Illegal Shift",9,45,0.04,0.19,1996
"96","FC Interference",8,120,0.03,0.5,1996
"97","Too Many Men on Field",6,37,0.03,0.15,1996
"98","Illegal Crackback",6,90,0.03,0.38,1996
"99","Clipping",4,59,0.02,0.25,1996
"100","Personal Foul",4,45,0.02,0.19,1996
"101","Ineligible Receiver",3,17,0.01,0.07,1996
"102","Late Hit",2,30,0.01,0.13,1996
"103","Defensive Holding",2,10,0.01,0.04,1996
"104","No Data",2,6,0.01,0.03,1996
"105","Taunting",2,22,0.01,0.09,1996
"106","Illegal Block Above Waist",2,20,0.01,0.08,1996
"107","Illegal Fair Catch",2,10,0.01,0.04,1996
"108","Defensive Pass Interference",2,3,0.01,0.01,1996
"109","Offensive Pass Interference",1,10,0,0.04,1996
"110","Illegal Substitution",1,5,0,0.02,1996
"111","Defensive Offside",1,5,0,0.02,1996
"112","Batting Loose Ball",1,5,0,0.02,1996
"113","Excess Celebration",1,5,0,0.02,1996
"114","Offensive Holding",1,10,0,0.04,1996
"115","Palpably Unfair Act",1,2,0,0.01,1996
"116","Kickoff OOB",1,5,0,0.02,1996
"117","Holding",690,6164,2.88,25.68,1997
"118","False Start",627,3102,2.61,12.93,1997
"119","Pass Interference",273,4318,1.14,17.99,1997
"120","Offside",194,951,0.81,3.96,1997
"121","Delay of Game",110,531,0.46,2.21,1997
"122","Encroachment",106,492,0.44,2.05,1997
"123","Unnecessary Roughness",104,1441,0.43,6,1997
"124","Face Mask",89,843,0.37,3.51,1997
"125","Illegal Block",86,859,0.36,3.58,1997
"126","Illegal Use of Hands",65,520,0.27,2.17,1997
"127","Roughing Passer",57,714,0.24,2.98,1997
"128","Intentional Grounding",45,548,0.19,2.28,1997
"129","Illegal Contact",31,158,0.13,0.66,1997
"130","Illegal Plyr Downfld",24,119,0.1,0.5,1997
"131","Running into Kicker",13,142,0.05,0.59,1997
"132","Illegal Formation",11,52,0.05,0.22,1997
"133","Illegal Touch",10,51,0.04,0.21,1997
"134","Illegal Motion",10,50,0.04,0.21,1997
"135","Illegal Forward Pass",8,36,0.03,0.15,1997
"136","Tripping",8,80,0.03,0.33,1997
"137","FC Interference",8,120,0.03,0.5,1997
"138","Illegal Shift",7,35,0.03,0.15,1997
"139","Illegal Receiver",6,30,0.03,0.13,1997
"140","Ineligible Receiver",5,35,0.02,0.15,1997
"141","Illegal Crackback",5,71,0.02,0.3,1997
"142","Taunting",4,48,0.02,0.2,1997
"143","Kickoff OOB",4,20,0.02,0.08,1997
"144","Illegal Fair Catch",4,20,0.02,0.08,1997
"145","Illegal Substitution",4,15,0.02,0.06,1997
"146","Clipping",3,40,0.01,0.17,1997
"147","Personal Foul",3,33,0.01,0.14,1997
"148","Illegal Procedure",3,15,0.01,0.06,1997
"149","Short Free Kick",2,10,0.01,0.04,1997
"150","Unsportsmanlike Conduct",1,15,0,0.06,1997
"151","False Start",725,3557,3.02,14.82,1998
"152","Offensive Holding",645,6186,2.69,25.78,1998
"153","Defensive Pass Interference",244,4210,1.02,17.54,1998
"154","Defensive Offside",205,989,0.85,4.12,1998
"155","Defensive Holding",161,843,0.67,3.51,1998
"156","Delay of Game",151,743,0.63,3.1,1998
"157","Unnecessary Roughness",137,1818,0.57,7.58,1998
"158","Illegal Block Above Wais",110,1031,0.46,4.3,1998
"159","Encroachment",101,491,0.42,2.05,1998
"160","Face Mask (PerFoul-15 yr",85,1125,0.35,4.69,1998
"161","Illegal Use of Hands",81,602,0.34,2.51,1998
"162","Illegal Contact",68,359,0.28,1.5,1998
"163","Roughing the Passer",64,887,0.27,3.7,1998
"164","Offensive Pass Interfere",63,685,0.26,2.85,1998
"165","Unsportsmanlike Conduct",60,795,0.25,3.31,1998
"166","Intentional Grounding",38,440,0.16,1.83,1998
"167","Face Mask (Incdntl-5 yar",33,156,0.14,0.65,1998
"168","Illegal Formation",27,135,0.11,0.56,1998
"169","Neutral Zone Infraction",23,115,0.1,0.48,1998
"170","Illegal Motion",21,105,0.09,0.44,1998
"171","Ineligible Downfield Kic",18,91,0.08,0.38,1998
"172","Roughing the Kicker",14,180,0.06,0.75,1998
"173","Illegal Shift",13,65,0.05,0.27,1998
"174","Fair Catch Interference",13,191,0.05,0.8,1998
"175","Tripping",12,120,0.05,0.5,1998
"176","Offensive Offside",11,55,0.05,0.23,1998
"177","Ineligible Downfield Pas",11,55,0.05,0.23,1998
"178","Illegal Substitution",10,50,0.04,0.21,1998
"179","Illegal Forward Pass",9,44,0.04,0.18,1998
"180","Chop Block",8,108,0.03,0.45,1998
"181","Defensive 12 on Field",8,40,0.03,0.17,1998
"182","Illegal Touch - Kick",7,25,0.03,0.1,1998
"183","Taunting",6,80,0.03,0.33,1998
"184","Offensive 12 on Field",6,23,0.03,0.1,1998
"185","Kick Out of Bounds",5,15,0.02,0.06,1998
"186","Clipping",5,75,0.02,0.31,1998
"187","Illegal Receiver Pass",4,20,0.02,0.08,1998
"188","Illegal Crackback",4,56,0.02,0.23,1998
"189","Illegal Touch - Pass",4,20,0.02,0.08,1998
"190","Low Block",3,40,0.01,0.17,1998
"191","Leverage",3,31,0.01,0.13,1998
"192","Running into the Kicker",3,15,0.01,0.06,1998
"193","Invalid Fair Catch Signa",2,10,0.01,0.04,1998
"194","Illegal Kick",2,5,0.01,0.02,1998
"195","Leaping",1,15,0,0.06,1998
"196","Offensive Holding, enfor",1,10,0,0.04,1998
"197","Face Mask (Personal Foul",1,15,0,0.06,1998
"198","Disqualification",1,15,0,0.06,1998
"199","Offside on Free Kick",1,5,0,0.02,1998
"200","False Start",721,3574,2.91,14.41,1999
"201","Offensive Holding",630,6122,2.54,24.69,1999
"202","Defensive Pass Interference",269,4724,1.08,19.05,1999
"203","Defensive Offside",259,1267,1.04,5.11,1999
"204","Delay of Game",147,708,0.59,2.85,1999
"205","Unnecessary Roughness",140,1906,0.56,7.69,1999
"206","Defensive Holding",125,671,0.5,2.71,1999
"207","Encroachment",108,517,0.44,2.08,1999
"208","Face Mask (15 Yards)",85,918,0.34,3.7,1999
"209","Illegal Block Above the Waist",81,771,0.33,3.11,1999
"210","Offensive Pass Interfere",78,768,0.31,3.1,1999
"211","Roughing the Passer",66,881,0.27,3.55,1999
"212","Illegal Use of Hands",64,466,0.26,1.88,1999
"213","Illegal Contact",58,313,0.23,1.26,1999
"214","Unsportsmanlike Conduct",56,731,0.23,2.95,1999
"215","Intentional Grounding",46,549,0.19,2.21,1999
"216","Illegal Shift",24,120,0.1,0.48,1999
"217","Ineligible Downfield Kic",24,123,0.1,0.5,1999
"218","Illegal Formation",22,104,0.09,0.42,1999
"219","Face Mask (5 Yards)",20,102,0.08,0.41,1999
"220","Tripping",20,191,0.08,0.77,1999
"221","Defensive 12 On-field",19,87,0.08,0.35,1999
"222","Neutral Zone Infraction",19,95,0.08,0.38,1999
"223","Ineligible Downfield Pas",14,70,0.06,0.28,1999
"224","Fair Catch Interference",14,208,0.06,0.84,1999
"225","Illegal Motion",13,65,0.05,0.26,1999
"226","Illegal Substitution",13,65,0.05,0.26,1999
"227","Illegal Forward Pass",11,46,0.04,0.19,1999
"228","Offensive 12 On-field",10,50,0.04,0.2,1999
"229","Running Into the Kicker",9,45,0.04,0.18,1999
"230","Chop Block",8,128,0.03,0.52,1999
"231","Personal Foul",6,77,0.02,0.31,1999
"232","Defensive Delay of Game",6,30,0.02,0.12,1999
"233","Illegal Crackback",5,75,0.02,0.3,1999
"234","Offside on Free Kick",5,25,0.02,0.1,1999
"235","Illegal Touch Pass",4,20,0.02,0.08,1999
"236","Illegal Touch Kick",4,30,0.02,0.12,1999
"237","Disqualification",3,45,0.01,0.18,1999
"238","Kickoff Out of Bounds",3,5,0.01,0.02,1999
"239","Low Block",3,45,0.01,0.18,1999
"240","Roughing the Kicker",2,30,0.01,0.12,1999
"241","Clipping",2,21,0.01,0.08,1999
"242","Offensive Offside",2,10,0.01,0.04,1999
"243","Illegal Cut",2,23,0.01,0.09,1999
"244","Leaping",2,25,0.01,0.1,1999
"245","Taunting",1,15,0,0.06,1999
"246","Illegally Kicking Ball",1,5,0,0.02,1999
"247","Short Free Kick",1,5,0,0.02,1999
"248","Illegal Blindside Block",1,10,0,0.04,1999
"249","Interference with Opport",1,15,0,0.06,1999
"250","declined. PENALTY on SF-",1,12,0,0.05,1999
"251","Invalid Fair Catch Signa",1,5,0,0.02,1999
"252","Ineligible Downfield Kick",1,5,0,0.02,1999
"253","Leverage",1,10,0,0.04,1999
"254","Offensive Pass Interference",1,10,0,0.04,1999
"255","Illegal Procedure",1,5,0,0.02,1999
"256","False Start",617,3040,2.49,12.26,2000
"257","Offensive Holding",613,5922,2.47,23.88,2000
"258","Defensive Pass Interference",254,4217,1.02,17,2000
"259","Defensive Offside",223,1079,0.9,4.35,2000
"260","Defensive Holding",161,848,0.65,3.42,2000
"261","Delay of Game",136,664,0.55,2.68,2000
"262","Unnecessary Roughness",120,1613,0.48,6.5,2000
"263","Encroachment",98,474,0.4,1.91,2000
"264","Illegal Use of Hands",85,612,0.34,2.47,2000
"265","Illegal Block Above the Waist",79,746,0.32,3.01,2000
"266","Roughing the Passer",75,1015,0.3,4.09,2000
"267","Face Mask (15 Yards)",68,908,0.27,3.66,2000
"268","Offensive Pass Interfere",65,645,0.26,2.6,2000
"269","Illegal Contact",57,291,0.23,1.17,2000
"270","Personal Foul",56,782,0.23,3.15,2000
"271","Intentional Grounding",46,523,0.19,2.11,2000
"272","Face Mask (5 Yards)",46,237,0.19,0.96,2000
"273","Illegal Formation",33,161,0.13,0.65,2000
"274","Unsportsmanlike Conduct",33,441,0.13,1.78,2000
"275","Tripping",31,304,0.13,1.23,2000
"276","Illegal Substitution",23,107,0.09,0.43,2000
"277","Offside on Free Kick",21,105,0.08,0.42,2000
"278","Ineligible Downfield Pas",21,105,0.08,0.42,2000
"279","Defensive 12 On-field",16,72,0.06,0.29,2000
"280","Neutral Zone Infraction",16,70,0.06,0.28,2000
"281","Illegal Motion",15,74,0.06,0.3,2000
"282","Ineligible Downfield Kic",12,70,0.05,0.28,2000
"283","Defensive Delay of Game",12,59,0.05,0.24,2000
"284","Illegal Shift",11,55,0.04,0.22,2000
"285","Chop Block",11,154,0.04,0.62,2000
"286","Clipping",9,108,0.04,0.44,2000
"287","Illegal Crackback",9,128,0.04,0.52,2000
"288","Illegal Forward Pass",8,40,0.03,0.16,2000
"289","Offensive Offside",8,40,0.03,0.16,2000
"290","Illegal Touch Kick",8,35,0.03,0.14,2000
"291","Running Into the Kicker",7,35,0.03,0.14,2000
"292","Kickoff Out of Bounds",6,20,0.02,0.08,2000
"293","Taunting",5,71,0.02,0.29,2000
"294","Illegal Touch Pass",5,20,0.02,0.08,2000
"295","Low Block",4,60,0.02,0.24,2000
"296","Offensive 12 On-field",3,15,0.01,0.06,2000
"297","Roughing the Kicker",3,35,0.01,0.14,2000
"298","Fair Catch Interference",3,45,0.01,0.18,2000
"299","Invalid Fair Catch Signa",2,10,0.01,0.04,2000
"300","Ineligible Downfield Kick",2,10,0.01,0.04,2000
"301","Illegal Procedure",2,10,0.01,0.04,2000
"302","Illegal Scrimmage Kick",1,5,0,0.02,2000
"303","Leverage",1,8,0,0.03,2000
"304","Disqualification",1,15,0,0.06,2000
"305","Illegal Cut",1,15,0,0.06,2000
"306","Interference with Opport",1,15,0,0.06,2000
"307","Illegal Bat",1,10,0,0.04,2000
"308","False Start",594,2925,2.4,11.79,2001
"309","Offensive Holding",520,5044,2.1,20.34,2001
"310","Defensive Offside",247,1182,1,4.77,2001
"311","Defensive Pass Interference",219,3738,0.88,15.07,2001
"312","Personal Foul",119,1630,0.48,6.57,2001
"313","Delay of Game",110,534,0.44,2.15,2001
"314","Defensive Holding",105,516,0.42,2.08,2001
"315","Encroachment",99,461,0.4,1.86,2001
"316","Unnecessary Roughness",85,1193,0.34,4.81,2001
"317","Roughing the Passer",77,1091,0.31,4.4,2001
"318","Face Mask (15 Yards)",74,1022,0.3,4.12,2001
"319","Illegal Block Above the Waist",69,678,0.28,2.73,2001
"320","Offensive Pass Interfere",60,583,0.24,2.35,2001
"321","Illegal Use of Hands",49,364,0.2,1.47,2001
"322","Intentional Grounding",39,492,0.16,1.98,2001
"323","Illegal Formation",33,166,0.13,0.67,2001
"324","Illegal Contact",33,159,0.13,0.64,2001
"325","Face Mask (5 Yards)",32,159,0.13,0.64,2001
"326","Unsportsmanlike Conduct",31,397,0.13,1.6,2001
"327","Defensive 12 On-field",27,131,0.11,0.53,2001
"328","Illegal Substitution",23,115,0.09,0.46,2001
"329","Neutral Zone Infraction",23,114,0.09,0.46,2001
"330","Taunting",14,180,0.06,0.73,2001
"331","Ineligible Downfield Kic",14,71,0.06,0.29,2001
"332","Illegal Shift",14,71,0.06,0.29,2001
"333","Illegal Motion",14,70,0.06,0.28,2001
"334","Chop Block",12,160,0.05,0.65,2001
"335","Ineligible Downfield Pas",12,59,0.05,0.24,2001
"336","Offside on Free Kick",11,55,0.04,0.22,2001
"337","Offensive Offside",10,50,0.04,0.2,2001
"338","Tripping",10,95,0.04,0.38,2001
"339","Defensive Delay of Game",8,35,0.03,0.14,2001
"340","Illegal Forward Pass",7,30,0.03,0.12,2001
"341","Illegal Crackback",7,98,0.03,0.4,2001
"342","Interference with Opport",6,83,0.02,0.33,2001
"343","Illegal Touch Pass",6,30,0.02,0.12,2001
"344","Fair Catch Interference",6,90,0.02,0.36,2001
"345","Clipping",6,75,0.02,0.3,2001
"346","Illegal Procedure",6,31,0.02,0.13,2001
"347","Roughing the Kicker",5,75,0.02,0.3,2001
"348","Kickoff Out of Bounds",5,15,0.02,0.06,2001
"349","Leverage",5,75,0.02,0.3,2001
"350","Running Into the Kicker",5,25,0.02,0.1,2001
"351","Illegal Touch Kick",5,25,0.02,0.1,2001
"352","Illegal Receiver Pass",4,20,0.02,0.08,2001
"353","Invalid Fair Catch Signa",3,15,0.01,0.06,2001
"354","Offensive 12 On-field",3,13,0.01,0.05,2001
"355","Interference with Opportunity to",2,30,0.01,0.12,2001
"356","Ineligible Downfield Kick",1,5,0,0.02,2001
"357","Offensive Pass Interference",1,10,0,0.04,2001
"358","Low Block",1,15,0,0.06,2001
"359","Short Free Kick",1,5,0,0.02,2001
"360","Illegal Kick",1,5,0,0.02,2001
"361","Illegal Bat",1,0,0,0,2001
"362","False Start",719,3521,2.81,13.75,2002
"363","Offensive Holding",649,6279,2.54,24.53,2002
"364","Defensive Pass Interference",237,3632,0.93,14.19,2002
"365","Defensive Offside",226,1083,0.88,4.23,2002
"366","Unnecessary Roughness",130,1763,0.51,6.89,2002
"367","Defensive Holding",125,679,0.49,2.65,2002
"368","Delay of Game",109,542,0.43,2.12,2002
"369","Personal Foul",105,1399,0.41,5.46,2002
"370","Face Mask (15 Yards)",101,1317,0.39,5.14,2002
"371","Roughing the Passer",99,1307,0.39,5.11,2002
"372","Illegal Block Above the Waist",77,699,0.3,2.73,2002
"373","Encroachment",75,360,0.29,1.41,2002
"374","Illegal Use of Hands",70,472,0.27,1.84,2002
"375","Illegal Contact",59,298,0.23,1.16,2002
"376","Offensive Pass Interference",47,458,0.18,1.79,2002
"377","Unsportsmanlike Conduct",40,530,0.16,2.07,2002
"378","Defensive 12 On-field",31,151,0.12,0.59,2002
"379","Neutral Zone Infraction",31,155,0.12,0.61,2002
"380","Illegal Formation",29,145,0.11,0.57,2002
"381","Face Mask (5 Yards)",28,127,0.11,0.5,2002
"382","Intentional Grounding",27,317,0.11,1.24,2002
"383","Taunting",26,371,0.1,1.45,2002
"384","Illegal Motion",25,117,0.1,0.46,2002
"385","Illegal Substitution",22,109,0.09,0.43,2002
"386","Illegal Shift",21,101,0.08,0.39,2002
"387","Offside on Free Kick",20,100,0.08,0.39,2002
"388","Offensive Offside",20,100,0.08,0.39,2002
"389","Illegal Forward Pass",19,75,0.07,0.29,2002
"390","Tripping",17,169,0.07,0.66,2002
"391","Ineligible Downfield Kick",15,75,0.06,0.29,2002
"392","Ineligible Downfield Pass",13,65,0.05,0.25,2002
"393","Chop Block",11,165,0.04,0.64,2002
"394","Defensive Delay of Game",10,45,0.04,0.18,2002
"395","Clipping",9,123,0.04,0.48,2002
"396","Interference with Opportunity to Catch",8,120,0.03,0.47,2002
"397","Roughing the Kicker",8,110,0.03,0.43,2002
"398","Offensive 12 On-field",7,35,0.03,0.14,2002
"399","Illegal Touch Pass",7,35,0.03,0.14,2002
"400","Illegal Touch Kick",7,40,0.03,0.16,2002
"401","Illegal Procedure",6,30,0.02,0.12,2002
"402","Fair Catch Interference",5,75,0.02,0.29,2002
"403","Running Into the Kicker",5,25,0.02,0.1,2002
"404","Leverage",4,52,0.02,0.2,2002
"405","Illegal Crackback",3,45,0.01,0.18,2002
"406","Kickoff Out of Bounds",2,10,0.01,0.04,2002
"407","Illegal Bat",2,19,0.01,0.07,2002
"408","Leaping",1,15,0,0.06,2002
"409","Low Block",1,15,0,0.06,2002
"410","Invalid Fair Catch Signal",1,5,0,0.02,2002
"411","Illegal Receiver Pass",1,4,0,0.02,2002
"412","False Start",795,3915,3.11,15.29,2003
"413","Offensive Holding",668,6531,2.61,25.51,2003
"414","Defensive Offside",223,1085,0.87,4.24,2003
"415","Defensive Pass Interference",221,3600,0.86,14.06,2003
"416","Defensive Holding",150,724,0.59,2.83,2003
"417","Unnecessary Roughness",142,1961,0.55,7.66,2003
"418","Delay of Game",109,534,0.43,2.09,2003
"419","Roughing the Passer",107,1391,0.42,5.43,2003
"420","Face Mask (15 Yards)",106,1382,0.41,5.4,2003
"421","Illegal Block Above the Waist",91,849,0.36,3.32,2003
"422","Encroachment",78,379,0.3,1.48,2003
"423","Illegal Use of Hands",70,465,0.27,1.82,2003
"424","Offensive Pass Interfere",67,650,0.26,2.54,2003
"425","Personal Foul",57,838,0.22,3.27,2003
"426","Illegal Contact",51,262,0.2,1.02,2003
"427","Face Mask (5 Yards)",42,232,0.16,0.91,2003
"428","Neutral Zone Infraction",42,200,0.16,0.78,2003
"429","Intentional Grounding",35,389,0.14,1.52,2003
"430","Taunting",27,399,0.11,1.56,2003
"431","Offside on Free Kick",27,135,0.11,0.53,2003
"432","Tripping",26,257,0.1,1,2003
"433","Unsportsmanlike Conduct",24,287,0.09,1.12,2003
"434","Illegal Motion",17,84,0.07,0.33,2003
"435","Ineligible Downfield Kic",16,78,0.06,0.3,2003
"436","Ineligible Downfield Pas",16,80,0.06,0.31,2003
"437","Illegal Shift",16,80,0.06,0.31,2003
"438","Defensive 12 On-field",15,74,0.06,0.29,2003
"439","Illegal Substitution",15,75,0.06,0.29,2003
"440","Illegal Formation",13,65,0.05,0.25,2003
"441","Chop Block",11,160,0.04,0.63,2003
"442","Running Into the Kicker",11,54,0.04,0.21,2003
"443","Illegal Touch Pass",11,55,0.04,0.21,2003
"444","Defensive Delay of Game",8,38,0.03,0.15,2003
"445","Illegal Forward Pass",8,36,0.03,0.14,2003
"446","Interference with Opport",8,120,0.03,0.47,2003
"447","Low Block",7,95,0.03,0.37,2003
"448","Clipping",7,105,0.03,0.41,2003
"449","Roughing the Kicker",6,90,0.02,0.35,2003
"450","Illegal Touch Kick",6,10,0.02,0.04,2003
"451","Illegal Crackback",6,61,0.02,0.24,2003
"452","Player Out of Bounds on",5,25,0.02,0.1,2003
"453","Fair Catch Interference",4,60,0.02,0.23,2003
"454","Disqualification",3,27,0.01,0.11,2003
"455","Leverage",2,30,0.01,0.12,2003
"456","Leaping",1,12,0,0.05,2003
"457","Offensive 12 On-field",1,5,0,0.02,2003
"458","Offensive Pass Interference",1,10,0,0.04,2003
"459","Kickoff Out of Bounds",1,0,0,0,2003
"460","Invalid Fair Catch Signa",1,5,0,0.02,2003
"461","False Start",816,4029,3.19,15.74,2004
"462","Offensive Holding",605,5837,2.36,22.8,2004
"463","Defensive Offside",234,1156,0.91,4.52,2004
"464","Defensive Pass Interference",177,3223,0.69,12.59,2004
"465","Illegal Block Above the Waist",153,1411,0.6,5.51,2004
"466","Defensive Holding",146,692,0.57,2.7,2004
"467","Roughing the Passer",128,1718,0.5,6.71,2004
"468","Illegal Contact",123,651,0.48,2.54,2004
"469","Delay of Game",122,600,0.48,2.34,2004
"470","Face Mask (15 Yards)",116,1557,0.45,6.08,2004
"471","Unnecessary Roughness",112,1533,0.44,5.99,2004
"472","Encroachment",72,339,0.28,1.32,2004
"473","Personal Foul",67,897,0.26,3.5,2004
"474","Offensive Pass Interfere",58,579,0.23,2.26,2004
"475","Illegal Use of Hands",57,377,0.22,1.47,2004
"476","Illegal Formation",53,264,0.21,1.03,2004
"477","Intentional Grounding",48,561,0.19,2.19,2004
"478","Offside on Free Kick",43,215,0.17,0.84,2004
"479","Face Mask (5 Yards)",41,213,0.16,0.83,2004
"480","Taunting",40,580,0.16,2.27,2004
"481","Tripping",39,384,0.15,1.5,2004
"482","Neutral Zone Infraction",37,184,0.14,0.72,2004
"483","Unsportsmanlike Conduct",33,476,0.13,1.86,2004
"484","Defensive 12 On-field",31,142,0.12,0.55,2004
"485","Illegal Motion",28,140,0.11,0.55,2004
"486","Illegal Shift",24,120,0.09,0.47,2004
"487","Ineligible Downfield Kic",18,88,0.07,0.34,2004
"488","Illegal Substitution",18,85,0.07,0.33,2004
"489","Running Into the Kicker",16,80,0.06,0.31,2004
"490","Ineligible Downfield Pas",12,59,0.05,0.23,2004
"491","Low Block",12,152,0.05,0.59,2004
"492","Chop Block",12,163,0.05,0.64,2004
"493","Illegal Crackback",11,161,0.04,0.63,2004
"494","Illegal Touch Kick",10,35,0.04,0.14,2004
"495","Illegal Forward Pass",8,35,0.03,0.14,2004
"496","Illegal Touch Pass",7,35,0.03,0.14,2004
"497","Fair Catch Interference",7,105,0.03,0.41,2004
"498","Roughing the Kicker",5,75,0.02,0.29,2004
"499","Defensive Delay of Game",4,15,0.02,0.06,2004
"500","Leverage",4,37,0.02,0.14,2004
"501","Offensive Offside",3,15,0.01,0.06,2004
"502","Offensive 12 On-field",3,12,0.01,0.05,2004
"503","Interference with Opport",3,46,0.01,0.18,2004
"504","Offensive Pass Interference",3,30,0.01,0.12,2004
"505","Player Out of Bounds on",3,15,0.01,0.06,2004
"506","Disqualification",3,45,0.01,0.18,2004
"507","Clipping",2,30,0.01,0.12,2004
"508","Invalid Fair Catch Signal",1,5,0,0.02,2004
"509","Kickoff Out of Bounds",1,0,0,0,2004
"510","Leaping",1,15,0,0.06,2004
"511","Short Free Kick",1,5,0,0.02,2004
"512","False Start",848,4180,3.31,16.33,2005
"513","Offensive Holding",708,6781,2.77,26.49,2005
"514","Defensive Offside",259,1246,1.01,4.87,2005
"515","Defensive Pass Interference",199,3577,0.78,13.97,2005
"516","Defensive Holding",187,903,0.73,3.53,2005
"517","Illegal Block Above the Waist",173,1614,0.68,6.3,2005
"518","Delay of Game",129,644,0.5,2.52,2005
"519","Roughing the Passer",121,1664,0.47,6.5,2005
"520","Unnecessary Roughness",110,1477,0.43,5.77,2005
"521","Illegal Contact",110,550,0.43,2.15,2005
"522","Face Mask (15 Yards)",88,1115,0.34,4.36,2005
"523","Offensive Pass Interfere",68,674,0.27,2.63,2005
"524","Encroachment",66,320,0.26,1.25,2005
"525","Personal Foul",64,864,0.25,3.38,2005
"526","Illegal Use of Hands",63,393,0.25,1.54,2005
"527","Illegal Formation",55,277,0.21,1.08,2005
"528","Offside on Free Kick",49,245,0.19,0.96,2005
"529","Intentional Grounding",40,478,0.16,1.87,2005
"530","Neutral Zone Infraction",33,154,0.13,0.6,2005
"531","Face Mask (5 Yards)",31,155,0.12,0.61,2005
"532","Ineligible Downfield Kic",30,148,0.12,0.58,2005
"533","Defensive 12 On-field",28,135,0.11,0.53,2005
"534","Illegal Motion",27,135,0.11,0.53,2005
"535","Unsportsmanlike Conduct",24,318,0.09,1.24,2005
"536","Illegal Shift",21,105,0.08,0.41,2005
"537","Tripping",20,198,0.08,0.77,2005
"538","Illegal Substitution",17,85,0.07,0.33,2005
"539","Taunting",16,225,0.06,0.88,2005
"540","Ineligible Downfield Pas",15,72,0.06,0.28,2005
"541","Illegal Touch Pass",15,76,0.06,0.3,2005
"542","Low Block",12,174,0.05,0.68,2005
"543","Illegal Forward Pass",11,46,0.04,0.18,2005
"544","Chop Block",11,159,0.04,0.62,2005
"545","Fair Catch Interference",10,144,0.04,0.56,2005
"546","Illegal Touch Kick",8,35,0.03,0.14,2005
"547","Defensive Delay of Game",8,38,0.03,0.15,2005
"548","Running Into the Kicker",6,29,0.02,0.11,2005
"549","Player Out of Bounds on",6,30,0.02,0.12,2005
"550","Offensive 12 On-field",5,25,0.02,0.1,2005
"551","Disqualification",4,47,0.02,0.18,2005
"552","Roughing the Kicker",4,60,0.02,0.23,2005
"553","Illegal Crackback",3,46,0.01,0.18,2005
"554","Interference with Opport",3,46,0.01,0.18,2005
"555","Clipping",2,24,0.01,0.09,2005
"556","Offensive Pass Interference",2,20,0.01,0.08,2005
"557","Kickoff Out of Bounds",1,11,0,0.04,2005
"558","Offensive Offside",1,5,0,0.02,2005
"559","Delay of Kickoff",1,5,0,0.02,2005
"560","Leverage",1,15,0,0.06,2005
"561","False Start",725,3569,2.83,13.94,2006
"562","Offensive Holding",481,4669,1.88,18.24,2006
"563","Defensive Offside",180,872,0.7,3.41,2006
"564","Defensive Pass Interference",163,2791,0.64,10.9,2006
"565","Illegal Block Above the Waist",144,1355,0.56,5.29,2006
"566","Unnecessary Roughness",140,1884,0.55,7.36,2006
"567","Defensive Holding",119,563,0.46,2.2,2006
"568","Roughing the Passer",102,1382,0.4,5.4,2006
"569","Face Mask (15 Yards)",98,1264,0.38,4.94,2006
"570","Delay of Game",91,449,0.36,1.75,2006
"571","Illegal Contact",82,408,0.32,1.59,2006
"572","Encroachment",80,382,0.31,1.49,2006
"573","Personal Foul",63,833,0.25,3.25,2006
"574","Offensive Pass Interfere",60,592,0.23,2.31,2006
"575","Unsportsmanlike Conduct",53,762,0.21,2.98,2006
"576","Illegal Use of Hands",47,286,0.18,1.12,2006
"577","Illegal Formation",46,229,0.18,0.89,2006
"578","Neutral Zone Infraction",38,185,0.15,0.72,2006
"579","Intentional Grounding",29,333,0.11,1.3,2006
"580","Taunting",28,388,0.11,1.52,2006
"581","Face Mask (5 Yards)",25,113,0.1,0.44,2006
"582","Offside on Free Kick",23,115,0.09,0.45,2006
"583","Illegal Shift",23,114,0.09,0.45,2006
"584","Ineligible Downfield Kic",20,100,0.08,0.39,2006
"585","Illegal Substitution",19,95,0.07,0.37,2006
"586","Defensive 12 On-field",19,93,0.07,0.36,2006
"587","Chop Block",17,244,0.07,0.95,2006
"588","Illegal Motion",16,80,0.06,0.31,2006
"589","Tripping",16,153,0.06,0.6,2006
"590","Fair Catch Interference",10,150,0.04,0.59,2006
"591","Illegal Crackback",9,135,0.04,0.53,2006
"592","Running Into the Kicker",9,45,0.04,0.18,2006
"593","Illegal Touch Pass",9,45,0.04,0.18,2006
"594","Defensive Delay of Game",9,43,0.04,0.17,2006
"595","Illegal Forward Pass",8,40,0.03,0.16,2006
"596","Ineligible Downfield Pas",8,40,0.03,0.16,2006
"597","Roughing the Kicker",7,105,0.03,0.41,2006
"598","Illegal Touch Kick",7,25,0.03,0.1,2006
"599","Interference with Opport",5,75,0.02,0.29,2006
"600","Low Block",4,55,0.02,0.21,2006
"601","Invalid Fair Catch Signa",4,20,0.02,0.08,2006
"602","Player Out of Bounds on",3,15,0.01,0.06,2006
"603","Clipping",3,41,0.01,0.16,2006
"604","Offensive Offside",2,10,0.01,0.04,2006
"605","Disqualification",2,30,0.01,0.12,2006
"606","Offensive Pass Interference",1,10,0,0.04,2006
"607","Kickoff Out of Bounds",1,5,0,0.02,2006
"608","Short Free Kick",1,5,0,0.02,2006
"609","False Start",736,3639,2.88,14.21,2007
"610","Offensive Holding",494,4732,1.93,18.48,2007
"611","Defensive Offside",213,1034,0.83,4.04,2007
"612","Delay of Game",165,804,0.64,3.14,2007
"613","Defensive Pass Interference",147,2494,0.57,9.74,2007
"614","Unnecessary Roughness",127,1697,0.5,6.63,2007
"615","Illegal Block Above the Waist",101,918,0.39,3.59,2007
"616","Face Mask (15 Yards)",82,1074,0.32,4.2,2007
"617","Defensive Holding",82,417,0.32,1.63,2007
"618","Illegal Contact",79,395,0.31,1.54,2007
"619","Encroachment",71,340,0.28,1.33,2007
"620","Roughing the Passer",59,766,0.23,2.99,2007
"621","Personal Foul",51,708,0.2,2.77,2007
"622","Offensive Pass Interfere",50,486,0.2,1.9,2007
"623","Illegal Formation",48,232,0.19,0.91,2007
"624","Neutral Zone Infraction",44,218,0.17,0.85,2007
"625","Intentional Grounding",41,453,0.16,1.77,2007
"626","Unsportsmanlike Conduct",39,516,0.15,2.02,2007
"627","Defensive 12 On-field",32,147,0.13,0.57,2007
"628","Face Mask (5 Yards)",29,155,0.11,0.61,2007
"629","Illegal Shift",26,131,0.1,0.51,2007
"630","Ineligible Downfield Pas",23,114,0.09,0.45,2007
"631","Illegal Use of Hands",20,132,0.08,0.52,2007
"632","Ineligible Downfield Kic",18,89,0.07,0.35,2007
"633","Taunting",17,220,0.07,0.86,2007
"634","Illegal Substitution",16,82,0.06,0.32,2007
"635","Offside on Free Kick",15,75,0.06,0.29,2007
"636","Illegal Motion",13,65,0.05,0.25,2007
"637","Chop Block",8,112,0.03,0.44,2007
"638","Low Block",8,115,0.03,0.45,2007
"639","Fair Catch Interference",7,105,0.03,0.41,2007
"640","Roughing the Kicker",6,91,0.02,0.36,2007
"641","Illegal Touch Kick",6,25,0.02,0.1,2007
"642","Illegal Forward Pass",5,25,0.02,0.1,2007
"643","Player Out of Bounds on",5,25,0.02,0.1,2007
"644","Running Into the Kicker",5,25,0.02,0.1,2007
"645","Interference with Opport",4,64,0.02,0.25,2007
"646","Tripping",4,40,0.02,0.16,2007
"647","Clipping",3,43,0.01,0.17,2007
"648","Defensive Delay of Game",3,15,0.01,0.06,2007
"649","Illegal Touch Pass",3,15,0.01,0.06,2007
"650","Illegal Crackback",3,42,0.01,0.16,2007
"651","Offensive 12 On-field",2,10,0.01,0.04,2007
"652","Disqualification",2,18,0.01,0.07,2007
"653","Leverage",2,24,0.01,0.09,2007
"654","Ineligible Downfield Pass",2,10,0.01,0.04,2007
"655","Illegal Procedure",2,10,0.01,0.04,2007
"656","Invalid Fair Catch Signa",2,8,0.01,0.03,2007
"657","Illegal Bat",2,20,0.01,0.08,2007
"658","Offensive Offside",2,10,0.01,0.04,2007
"659","Offensive Pass Interference",1,10,0,0.04,2007
"660","False Start",647,3158,2.53,12.34,2008
"661","Offensive Holding",485,4647,1.89,18.15,2008
"662","Defensive Offside",230,1125,0.9,4.39,2008
"663","Unnecessary Roughness",170,2342,0.66,9.15,2008
"664","Defensive Pass Interference",156,2534,0.61,9.9,2008
"665","Delay of Game",137,678,0.54,2.65,2008
"666","Illegal Block Above the Waist",116,1073,0.45,4.19,2008
"667","Defensive Holding",112,508,0.44,1.98,2008
"668","Face Mask (15 Yards)",85,1134,0.33,4.43,2008
"669","Encroachment",72,342,0.28,1.34,2008
"670","Illegal Contact",72,359,0.28,1.4,2008
"671","Offensive Pass Interfere",63,611,0.25,2.39,2008
"672","Illegal Formation",60,295,0.23,1.15,2008
"673","Roughing the Passer",58,797,0.23,3.11,2008
"674","Neutral Zone Infraction",51,230,0.2,0.9,2008
"675","Unsportsmanlike Conduct",35,476,0.14,1.86,2008
"676","Intentional Grounding",33,349,0.13,1.36,2008
"677","Illegal Use of Hands",29,185,0.11,0.72,2008
"678","Personal Foul",27,338,0.11,1.32,2008
"679","Ineligible Downfield Pas",23,115,0.09,0.45,2008
"680","Defensive 12 On-field",23,97,0.09,0.38,2008
"681","Offside on Free Kick",21,105,0.08,0.41,2008
"682","Illegal Shift",15,75,0.06,0.29,2008
"683","Tripping",13,130,0.05,0.51,2008
"684","Taunting",13,195,0.05,0.76,2008
"685","Ineligible Downfield Kic",12,59,0.05,0.23,2008
"686","Illegal Substitution",12,60,0.05,0.23,2008
"687","Illegal Motion",12,60,0.05,0.23,2008
"688","Chop Block",11,157,0.04,0.61,2008
"689","Illegal Touch Kick",10,20,0.04,0.08,2008
"690","Low Block",10,134,0.04,0.52,2008
"691","Illegal Forward Pass",9,28,0.04,0.11,2008
"692","Running Into the Kicker",8,37,0.03,0.14,2008
"693","Player Out of Bounds on",6,30,0.02,0.12,2008
"694","Defensive Delay of Game",4,20,0.02,0.08,2008
"695","Fair Catch Interference",4,60,0.02,0.23,2008
"696","Illegal Touch Pass",3,15,0.01,0.06,2008
"697","Roughing the Kicker",3,45,0.01,0.18,2008
"698","Short Free Kick",2,10,0.01,0.04,2008
"699","Leverage",2,30,0.01,0.12,2008
"700","Disqualification",2,30,0.01,0.12,2008
"701","Invalid Fair Catch Signa",2,10,0.01,0.04,2008
"702","Clipping",2,30,0.01,0.12,2008
"703","Interference with Opport",1,15,0,0.06,2008
"704","Offensive Pass Interference",1,10,0,0.04,2008
"705","Kickoff Out of Bounds",1,5,0,0.02,2008
"706","Illegal Kick",1,0,0,0,2008
"707","Illegal Crackback",1,15,0,0.06,2008
"708","False Start",652,3185,2.55,12.44,2009
"709","Offensive Holding",542,5201,2.12,20.32,2009
"710","Defensive Offside",205,990,0.8,3.87,2009
"711","Defensive Pass Interference",177,3028,0.69,11.83,2009
"712","Unnecessary Roughness",153,2086,0.6,8.15,2009
"713","Delay of Game",133,652,0.52,2.55,2009
"714","Illegal Block Above the Waist",126,1175,0.49,4.59,2009
"715","Face Mask (15 Yards)",101,1450,0.39,5.66,2009
"716","Defensive Holding",101,489,0.39,1.91,2009
"717","Illegal Contact",85,430,0.33,1.68,2009
"718","Offensive Pass Interfere",72,717,0.28,2.8,2009
"719","Roughing the Passer",67,866,0.26,3.38,2009
"720","Neutral Zone Infraction",57,270,0.22,1.05,2009
"721","Illegal Formation",56,284,0.22,1.11,2009
"722","Encroachment",52,256,0.2,1,2009
"723","Personal Foul",41,496,0.16,1.94,2009
"724","Unsportsmanlike Conduct",38,528,0.15,2.06,2009
"725","Illegal Use of Hands",38,232,0.15,0.91,2009
"726","Intentional Grounding",35,402,0.14,1.57,2009
"727","Defensive 12 On-field",29,136,0.11,0.53,2009
"728","Ineligible Downfield Pas",27,135,0.11,0.53,2009
"729","Illegal Shift",22,99,0.09,0.39,2009
"730","Horse Collar",21,283,0.08,1.11,2009
"731","Ineligible Downfield Kic",21,105,0.08,0.41,2009
"732","Tripping",18,175,0.07,0.68,2009
"733","Illegal Substitution",18,90,0.07,0.35,2009
"734","Offside on Free Kick",15,77,0.06,0.3,2009
"735","Chop Block",13,191,0.05,0.75,2009
"736","Illegal Touch Kick",12,45,0.05,0.18,2009
"737","Running Into the Kicker",11,55,0.04,0.21,2009
"738","Illegal Forward Pass",11,50,0.04,0.2,2009
"739","Illegal Motion",10,51,0.04,0.2,2009
"740","Low Block",10,123,0.04,0.48,2009
"741","Taunting",10,144,0.04,0.56,2009
"742","Illegal Touch Pass",7,35,0.03,0.14,2009
"743","Defensive Delay of Game",7,35,0.03,0.14,2009
"744","Disqualification",6,80,0.02,0.31,2009
"745","Player Out of Bounds on",6,30,0.02,0.12,2009
"746","Fair Catch Interference",4,60,0.02,0.23,2009
"747","Offensive 12 On-field",4,18,0.02,0.07,2009
"748","Offensive Pass Interference",3,29,0.01,0.11,2009
"749","Invalid Fair Catch Signa",2,10,0.01,0.04,2009
"750","Clipping",2,30,0.01,0.12,2009
"751","Offensive Offside",2,10,0.01,0.04,2009
"752","Illegal Crackback",2,30,0.01,0.12,2009
"753","Interference with Opport",2,30,0.01,0.12,2009
"754","Illegal Kick",1,10,0,0.04,2009
"755","Roughing the Kicker",1,15,0,0.06,2009
"756","Illegal Receiver Pass",1,5,0,0.02,2009
"757","False Start",643,3146,2.51,12.29,2010
"758","Offensive Holding",607,5853,2.37,22.86,2010
"759","Defensive Offside",209,1026,0.82,4.01,2010
"760","Defensive Pass Interference",194,3519,0.76,13.75,2010
"761","Unnecessary Roughness",166,2279,0.65,8.9,2010
"762","Delay of Game",137,658,0.54,2.57,2010
"763","Illegal Block Above the Waist",111,1023,0.43,4,2010
"764","Defensive Holding",100,469,0.39,1.83,2010
"765","Roughing the Passer",86,1188,0.34,4.64,2010
"766","Encroachment",77,376,0.3,1.47,2010
"767","Face Mask (15 Yards)",76,1039,0.3,4.06,2010
"768","Neutral Zone Infraction",72,349,0.28,1.36,2010
"769","Illegal Contact",68,321,0.27,1.25,2010
"770","Offensive Pass Interfere",67,658,0.26,2.57,2010
"771","Illegal Formation",62,304,0.24,1.19,2010
"772","Intentional Grounding",44,500,0.17,1.95,2010
"773","Unsportsmanlike Conduct",43,611,0.17,2.39,2010
"774","Personal Foul",39,535,0.15,2.09,2010
"775","Illegal Use of Hands",39,260,0.15,1.02,2010
"776","Offside on Free Kick",26,130,0.1,0.51,2010
"777","Horse Collar Tackle",23,274,0.09,1.07,2010
"778","Defensive 12 On-field",23,102,0.09,0.4,2010
"779","Illegal Shift",19,95,0.07,0.37,2010
"780","Chop Block",17,224,0.07,0.88,2010
"781","Illegal Motion",15,75,0.06,0.29,2010
"782","Illegal Touch Kick",13,40,0.05,0.16,2010
"783","Ineligible Downfield Kic",11,50,0.04,0.2,2010
"784","Illegal Substitution",9,45,0.04,0.18,2010
"785","Tripping",9,88,0.04,0.34,2010
"786","Illegal Touch Pass",9,46,0.04,0.18,2010
"787","Taunting",8,115,0.03,0.45,2010
"788","Offensive 12 On-field",7,31,0.03,0.12,2010
"789","Ineligible Downfield Pas",7,35,0.03,0.14,2010
"790","Illegal Forward Pass",7,10,0.03,0.04,2010
"791","Running Into the Kicker",7,35,0.03,0.14,2010
"792","Low Block",6,90,0.02,0.35,2010
"793","Illegal Crackback",5,75,0.02,0.29,2010
"794","Player Out of Bounds on",5,25,0.02,0.1,2010
"795","Illegal Wedge",5,41,0.02,0.16,2010
"796","Clipping",4,56,0.02,0.22,2010
"797","Offensive Pass Interference",3,30,0.01,0.12,2010
"798","Fair Catch Interference",3,45,0.01,0.18,2010
"799","Roughing the Kicker",3,32,0.01,0.13,2010
"800","Illegal Bat",3,30,0.01,0.12,2010
"801","Disqualification",3,45,0.01,0.18,2010
"802","Leverage",2,13,0.01,0.05,2010
"803","Illegal Peelback",1,7,0,0.03,2010
"804","Illegal Blindside Block",1,0,0,0,2010
"805","Interference with Opport",1,15,0,0.06,2010
"806","Illegal Kick",1,10,0,0.04,2010
"807","Ineligible Downfield Kick",1,5,0,0.02,2010
"808","False Start",652,3204,2.55,12.52,2011
"809","Offensive Holding",601,5715,2.35,22.32,2011
"810","Defensive Pass Interference",205,3472,0.8,13.56,2011
"811","Unnecessary Roughness",188,2571,0.73,10.04,2011
"812","Defensive Offside",158,770,0.62,3.01,2011
"813","Delay of Game",127,627,0.5,2.45,2011
"814","Defensive Holding",126,591,0.49,2.31,2011
"815","Neutral Zone Infraction",120,586,0.47,2.29,2011
"816","Illegal Block Above the Waist",113,1021,0.44,3.99,2011
"817","Face Mask (15 Yards)",102,1387,0.4,5.42,2011
"818","Roughing the Passer",99,1361,0.39,5.32,2011
"819","Illegal Use of Hands",74,505,0.29,1.97,2011
"820","Encroachment",69,328,0.27,1.28,2011
"821","Illegal Contact",68,338,0.27,1.32,2011
"822","Offensive Pass Interfere",68,672,0.27,2.63,2011
"823","Personal Foul",59,717,0.23,2.8,2011
"824","Unsportsmanlike Conduct",58,789,0.23,3.08,2011
"825","Illegal Formation",48,240,0.19,0.94,2011
"826","Intentional Grounding",41,451,0.16,1.76,2011
"827","Defensive 12 On-field",28,131,0.11,0.51,2011
"828","Horse Collar Tackle",28,338,0.11,1.32,2011
"829","Offside on Free Kick",27,135,0.11,0.53,2011
"830","Illegal Shift",25,125,0.1,0.49,2011
"831","Ineligible Downfield Kic",19,95,0.07,0.37,2011
"832","Illegal Substitution",18,90,0.07,0.35,2011
"833","Chop Block",15,204,0.06,0.8,2011
"834","Taunting",13,170,0.05,0.66,2011
"835","Illegal Motion",13,65,0.05,0.25,2011
"836","Player Out of Bounds on",12,60,0.05,0.23,2011
"837","Ineligible Downfield Pas",10,50,0.04,0.2,2011
"838","Illegal Touch Pass",8,40,0.03,0.16,2011
"839","Running Into the Kicker",8,40,0.03,0.16,2011
"840","Tripping",8,80,0.03,0.31,2011
"841","Fair Catch Interference",8,117,0.03,0.46,2011
"842","Roughing the Kicker",7,91,0.03,0.36,2011
"843","Disqualification",7,67,0.03,0.26,2011
"844","Offensive 12 On-field",7,30,0.03,0.12,2011
"845","Illegal Forward Pass",7,29,0.03,0.11,2011
"846","Illegal Crackback",6,90,0.02,0.35,2011
"847","Clipping",6,79,0.02,0.31,2011
"848","Illegal Touch Kick",5,15,0.02,0.06,2011
"849","Low Block",5,60,0.02,0.23,2011
"850","Interference with Opport",4,60,0.02,0.23,2011
"851","Leverage",3,31,0.01,0.12,2011
"852","Invalid Fair Catch Signa",2,10,0.01,0.04,2011
"853","Leaping",2,16,0.01,0.06,2011
"854","Offensive Offside",2,10,0.01,0.04,2011
"855","Illegal Blindside Block",1,9,0,0.04,2011
"856","Illegal Peelback",1,15,0,0.06,2011
"857","Player Out of Bounds on Punt",1,5,0,0.02,2011
"858","Illegal Bat",1,10,0,0.04,2011
"859","Defensive Delay of Game",1,5,0,0.02,2011
"860","Offensive Holding",629,5992,2.46,23.41,2012
"861","False Start",603,2954,2.36,11.54,2012
"862","Defensive Pass Interference",243,4027,0.95,15.73,2012
"863","Unnecessary Roughness",170,2342,0.66,9.15,2012
"864","Defensive Offside",170,824,0.66,3.22,2012
"865","Defensive Holding",147,717,0.57,2.8,2012
"866","Delay of Game",125,617,0.49,2.41,2012
"867","Neutral Zone Infraction",117,566,0.46,2.21,2012
"868","Illegal Block Above the Waist",110,1004,0.43,3.92,2012
"869","Roughing the Passer",88,1182,0.34,4.62,2012
"870","Illegal Use of Hands",79,508,0.31,1.98,2012
"871","Personal Foul",78,1073,0.3,4.19,2012
"872","Face Mask (15 Yards)",75,939,0.29,3.67,2012
"873","Offensive Pass Interfere",75,729,0.29,2.85,2012
"874","Encroachment",67,323,0.26,1.26,2012
"875","Illegal Contact",65,333,0.25,1.3,2012
"876","Unsportsmanlike Conduct",46,622,0.18,2.43,2012
"877","Illegal Formation",41,205,0.16,0.8,2012
"878","Defensive 12 On-field",33,155,0.13,0.61,2012
"879","Intentional Grounding",28,337,0.11,1.32,2012
"880","Horse Collar Tackle",24,324,0.09,1.27,2012
"881","Illegal Shift",19,94,0.07,0.37,2012
"882","Illegal Motion",17,83,0.07,0.32,2012
"883","Offside on Free Kick",17,85,0.07,0.33,2012
"884","Player Out of Bounds on",16,80,0.06,0.31,2012
"885","Illegal Substitution",13,58,0.05,0.23,2012
"886","Offensive 12 On-field",8,40,0.03,0.16,2012
"887","Chop Block",7,90,0.03,0.35,2012
"888","Illegal Touch Kick",7,25,0.03,0.1,2012
"889","Illegal Forward Pass",7,31,0.03,0.12,2012
"890","Low Block",7,83,0.03,0.32,2012
"891","Roughing the Kicker",7,105,0.03,0.41,2012
"892","Illegal Touch Pass",7,30,0.03,0.12,2012
"893","Tripping",6,47,0.02,0.18,2012
"894","Fair Catch Interference",6,90,0.02,0.35,2012
"895","Ineligible Downfield Kic",5,25,0.02,0.1,2012
"896","Ineligible Downfield Pas",5,25,0.02,0.1,2012
"897","Clipping",5,63,0.02,0.25,2012
"898","Taunting",5,75,0.02,0.29,2012
"899","Defensive Delay of Game",5,24,0.02,0.09,2012
"900","Running Into the Kicker",5,25,0.02,0.1,2012
"901","Illegal Blindside Block",5,66,0.02,0.26,2012
"902","Offensive Offside",4,20,0.02,0.08,2012
"903","Interference with Opport",4,60,0.02,0.23,2012
"904","Illegal Crackback",3,29,0.01,0.11,2012
"905","Disqualification",2,35,0.01,0.14,2012
"906","Illegal Wedge",2,12,0.01,0.05,2012
"907","Kickoff Out of Bounds",2,5,0.01,0.02,2012
"908","Player Out of Bounds on Punt",1,5,0,0.02,2012
"909","Invalid Fair Catch Signa",1,5,0,0.02,2012
"910","Leaping",1,10,0,0.04,2012
"911","Illegal Bat",1,10,0,0.04,2012
"912","Offensive Pass Interference",1,10,0,0.04,2012
"913","Offensive Holding",565,5321,2.21,20.79,2013
"914","False Start",518,2519,2.02,9.84,2013
"915","Defensive Pass Interference",240,4044,0.94,15.8,2013
"916","Unnecessary Roughness",224,2989,0.88,11.68,2013
"917","Defensive Holding",171,827,0.67,3.23,2013
"918","Defensive Offside",151,715,0.59,2.79,2013
"919","Delay of Game",142,694,0.55,2.71,2013
"920","Neutral Zone Infraction",121,592,0.47,2.31,2013
"921","Illegal Block Above the Waist",96,874,0.38,3.41,2013
"922","Roughing the Passer",89,1183,0.35,4.62,2013
"923","Face Mask (15 Yards)",85,1161,0.33,4.54,2013
"924","Illegal Use of Hands",73,517,0.29,2.02,2013
"925","Personal Foul",72,963,0.28,3.76,2013
"926","Offensive Pass Interfere",60,573,0.23,2.24,2013
"927","Encroachment",60,289,0.23,1.13,2013
"928","Illegal Formation",59,291,0.23,1.14,2013
"929","Unsportsmanlike Conduct",55,694,0.21,2.71,2013
"930","Intentional Grounding",38,469,0.15,1.83,2013
"931","Illegal Contact",37,180,0.14,0.7,2013
"932","Horse Collar Tackle",30,407,0.12,1.59,2013
"933","Defensive 12 On-field",29,145,0.11,0.57,2013
"934","Taunting",28,335,0.11,1.31,2013
"935","Illegal Shift",26,130,0.1,0.51,2013
"936","Player Out of Bounds on",15,77,0.06,0.3,2013
"937","Illegal Touch Kick",13,25,0.05,0.1,2013
"938","Offside on Free Kick",12,60,0.05,0.23,2013
"939","Illegal Substitution",11,55,0.04,0.21,2013
"940","Illegal Motion",10,50,0.04,0.2,2013
"941","Illegal Forward Pass",9,30,0.04,0.12,2013
"942","Running Into the Kicker",9,45,0.04,0.18,2013
"943","Fair Catch Interference",9,120,0.04,0.47,2013
"944","Ineligible Downfield Pas",9,45,0.04,0.18,2013
"945","Ineligible Downfield Kic",8,40,0.03,0.16,2013
"946","Offensive 12 On-field",7,35,0.03,0.14,2013
"947","Tripping",6,60,0.02,0.23,2013
"948","Disqualification",6,53,0.02,0.21,2013
"949","Low Block",5,69,0.02,0.27,2013
"950","Clipping",5,75,0.02,0.29,2013
"951","Illegal Touch Pass",4,21,0.02,0.08,2013
"952","Offensive Offside",4,20,0.02,0.08,2013
"953","Chop Block",3,41,0.01,0.16,2013
"954","Interference with Opport",3,45,0.01,0.18,2013
"955","Roughing the Kicker",3,45,0.01,0.18,2013
"956","Illegal Blindside Block",2,21,0.01,0.08,2013
"957","Defensive Delay of Game",2,10,0.01,0.04,2013
"958","Illegal Bat",2,13,0.01,0.05,2013
"959","Illegal Formation, super",1,15,0,0.06,2013
"960","Illegal Kick",1,0,0,0,2013
"961","Illegal Cut",1,15,0,0.06,2013
"962","Offensive Pass Interference",1,10,0,0.04,2013
"963","Invalid Fair Catch Signa",1,1,0,0,2013
"964","Illegally Kicking Ball",1,10,0,0.04,2013
"965","Illegal Peelback",1,15,0,0.06,2013
"966","Offensive Holding",629,6020,2.46,23.52,2014
"967","False Start",588,2851,2.3,11.14,2014
"968","Defensive Holding",216,1054,0.84,4.12,2014
"969","Unnecessary Roughness",207,2715,0.81,10.61,2014
"970","Defensive Pass Interference",206,3776,0.8,14.75,2014
"971","Illegal Use of Hands",164,1094,0.64,4.27,2014
"972","Delay of Game",140,681,0.55,2.66,2014
"973","Defensive Offside",130,607,0.51,2.37,2014
"974","Neutral Zone Infraction",119,584,0.46,2.28,2014
"975","Illegal Block Above the Waist",114,1050,0.45,4.1,2014
"976","Offensive Pass Interference",102,994,0.4,3.88,2014
"977","Illegal Contact",102,508,0.4,1.98,2014
"978","Roughing the Passer",99,1323,0.39,5.17,2014
"979","Face Mask (15 Yards)",90,1160,0.35,4.53,2014
"980","Unsportsmanlike Conduct",65,912,0.25,3.56,2014
"981","Encroachment",59,274,0.23,1.07,2014
"982","Illegal Formation",41,205,0.16,0.8,2014
"983","Defensive 12 On-field",31,125,0.12,0.49,2014
"984","Intentional Grounding",30,340,0.12,1.33,2014
"985","Offside on Free Kick",27,135,0.11,0.53,2014
"986","Taunting",24,344,0.09,1.34,2014
"987","Ineligible Downfield Pass",24,120,0.09,0.47,2014
"988","Illegal Shift",17,85,0.07,0.33,2014
"989","Horse Collar Tackle",17,192,0.07,0.75,2014
"990","Illegal Substitution",14,70,0.05,0.27,2014
"991","Offensive 12 On-field",12,60,0.05,0.23,2014
"992","Illegal Blindside Block",11,135,0.04,0.53,2014
"993","Illegal Motion",11,55,0.04,0.21,2014
"994","Tripping",10,100,0.04,0.39,2014
"995","Clipping",9,118,0.04,0.46,2014
"996","Player Out of Bounds on Punt",8,40,0.03,0.16,2014
"997","Chop Block",7,104,0.03,0.41,2014
"998","Illegal Forward Pass",7,35,0.03,0.14,2014
"999","Roughing the Kicker",6,90,0.02,0.35,2014
"1000","Disqualification",6,68,0.02,0.27,2014
"1001","Ineligible Downfield Kick",6,30,0.02,0.12,2014
"1002","Low Block",6,80,0.02,0.31,2014
"1003","Interference with Opportunity to",5,75,0.02,0.29,2014
"1004","Illegal Touch Pass",4,20,0.02,0.08,2014
"1005","Running Into the Kicker",4,20,0.02,0.08,2014
"1006","Offensive Offside",4,20,0.02,0.08,2014
"1007","Illegal Touch Kick",3,15,0.01,0.06,2014
"1008","Invalid Fair Catch Signal",3,15,0.01,0.06,2014
"1009","Personal Foul",3,40,0.01,0.16,2014
"1010","Fair Catch Interference",3,45,0.01,0.18,2014
"1011","Defensive Delay of Game",1,5,0,0.02,2014
"1012","Illegal Wedge",1,5,0,0.02,2014
"1013","Offensive Holding",709,6755,2.77,26.39,2015
"1014","False Start",566,2758,2.21,10.77,2015
"1015","Defensive Pass Interference",231,4121,0.9,16.1,2015
"1016","Unnecessary Roughness",227,3044,0.89,11.89,2015
"1017","Defensive Holding",220,1054,0.86,4.12,2015
"1018","Defensive Offside",177,831,0.69,3.25,2015
"1019","Neutral Zone Infraction",152,738,0.59,2.88,2015
"1020","Delay of Game",143,691,0.56,2.7,2015
"1021","Illegal Block Above the Waist",124,1130,0.48,4.41,2015
"1022","Illegal Use of Hands",116,728,0.45,2.84,2015
"1023","Offensive Pass Interference",103,1002,0.4,3.91,2015
"1024","Roughing the Passer",100,1350,0.39,5.27,2015
"1025","Face Mask (15 Yards)",98,1334,0.38,5.21,2015
"1026","Unsportsmanlike Conduct",77,1012,0.3,3.95,2015
"1027","Illegal Formation",59,286,0.23,1.12,2015
"1028","Illegal Contact",59,297,0.23,1.16,2015
"1029","Defensive 12 On-field",50,228,0.2,0.89,2015
"1030","Encroachment",41,193,0.16,0.75,2015
"1031","Intentional Grounding",34,386,0.13,1.51,2015
"1032","Illegal Shift",32,160,0.13,0.63,2015
"1033","Taunting",22,323,0.09,1.26,2015
"1034","Ineligible Downfield Pass",18,76,0.07,0.3,2015
"1035","Chop Block",15,222,0.06,0.87,2015
"1036","Offside on Free Kick",15,75,0.06,0.29,2015
"1037","Horse Collar Tackle",13,164,0.05,0.64,2015
"1038","Running Into the Kicker",13,65,0.05,0.25,2015
"1039","Player Out of Bounds on Punt",13,75,0.05,0.29,2015
"1040","Tripping",11,94,0.04,0.37,2015
"1041","Illegal Forward Pass",11,30,0.04,0.12,2015
"1042","Illegal Motion",10,50,0.04,0.2,2015
"1043","Clipping",9,122,0.04,0.48,2015
"1044","Illegal Substitution",8,41,0.03,0.16,2015
"1045","Illegal Blindside Block",8,100,0.03,0.39,2015
"1046","Offensive 12 On-field",7,35,0.03,0.14,2015
"1047","Ineligible Downfield Kick",7,35,0.03,0.14,2015
"1048","Illegal Touch Pass",6,30,0.02,0.12,2015
"1049","Fair Catch Interference",6,90,0.02,0.35,2015
"1050","Defensive Delay of Game",4,20,0.02,0.08,2015
"1051","Offensive Offside",4,20,0.02,0.08,2015
"1052","Leaping",4,51,0.02,0.2,2015
"1053","Low Block",4,54,0.02,0.21,2015
"1054","Illegal Crackback",3,45,0.01,0.18,2015
"1055","Disqualification",3,45,0.01,0.18,2015
"1056","Illegal Touch Kick",2,5,0.01,0.02,2015
"1057","Roughing the Kicker",2,30,0.01,0.12,2015
"1058","Illegal Peelback",2,30,0.01,0.12,2015
"1059","Invalid Fair Catch Signal",2,10,0.01,0.04,2015
"1060","Interference with Opportunity to",2,30,0.01,0.12,2015
"1061","Leverage",1,5,0,0.02,2015
"1062","Offensive Holding",703,6698,2.75,26.16,2016
"1063","False Start",588,2909,2.3,11.36,2016
"1064","Defensive Pass Interference",279,4589,1.09,17.93,2016
"1065","Defensive Holding",207,951,0.81,3.71,2016
"1066","Unnecessary Roughness",193,2655,0.75,10.37,2016
"1067","Defensive Offside",167,793,0.65,3.1,2016
"1068","Delay of Game",140,693,0.55,2.71,2016
"1069","Illegal Block Above the Waist",121,1133,0.47,4.43,2016
"1070","Neutral Zone Infraction",116,572,0.45,2.23,2016
"1071","Face Mask (15 Yards)",100,1373,0.39,5.36,2016
"1072","Illegal Use of Hands",89,601,0.35,2.35,2016
"1073","Offensive Pass Interference",88,867,0.34,3.39,2016
"1074","Roughing the Passer",85,1156,0.33,4.52,2016
"1075","Unsportsmanlike Conduct",77,1073,0.3,4.19,2016
"1076","Illegal Formation",66,330,0.26,1.29,2016
"1077","Encroachment",47,221,0.18,0.86,2016
"1078","Illegal Contact",47,233,0.18,0.91,2016
"1079","Defensive 12 On-field",46,199,0.18,0.78,2016
"1080","Illegal Shift",33,165,0.13,0.64,2016
"1081","Taunting",29,432,0.11,1.69,2016
"1082","Intentional Grounding",28,317,0.11,1.24,2016
"1083","Offside on Free Kick",23,115,0.09,0.45,2016
"1084","Ineligible Downfield Pass",20,100,0.08,0.39,2016
"1085","Horse Collar Tackle",20,261,0.08,1.02,2016
"1086","Leverage",12,166,0.05,0.65,2016
"1087","Roughing the Kicker",12,157,0.05,0.61,2016
"1088","Illegal Motion",11,53,0.04,0.21,2016
"1089","Chop Block",9,131,0.04,0.51,2016
"1090","Interference with Opportunity to",8,120,0.03,0.47,2016
"1091","Disqualification",8,117,0.03,0.46,2016
"1092","Offensive 12 On-field",7,35,0.03,0.14,2016
"1093","Running Into the Kicker",7,34,0.03,0.13,2016
"1094","Illegal Forward Pass",7,10,0.03,0.04,2016
"1095","Illegal Touch Kick",6,25,0.02,0.1,2016
"1096","Illegal Substitution",6,29,0.02,0.11,2016
"1097","Player Out of Bounds on Punt",6,37,0.02,0.14,2016
"1098","Clipping",5,65,0.02,0.25,2016
"1099","Fair Catch Interference",5,75,0.02,0.29,2016
"1100","Illegal Touch Pass",4,0,0.02,0,2016
"1101","Ineligible Downfield Kick",4,20,0.02,0.08,2016
"1102","Tripping",4,40,0.02,0.16,2016
"1103","Offensive Offside",4,20,0.02,0.08,2016
"1104","Illegal Blindside Block",3,36,0.01,0.14,2016
"1105","Leaping",3,38,0.01,0.15,2016
"1106","Invalid Fair Catch Signal",2,10,0.01,0.04,2016
"1107","Illegal Crackback",2,30,0.01,0.12,2016
"1108","False Start, superseded. PENALTY",1,15,0,0.06,2016
"1109","Defensive Delay of Game",1,5,0,0.02,2016
"1110","Low Block",1,15,0,0.06,2016
"1111","Offensive Holding",664,6304,2.59,24.63,2017
"1112","False Start",513,2518,2,9.84,2017
"1113","Defensive Pass Interference",266,4632,1.04,18.09,2017
"1114","Defensive Holding",237,1136,0.93,4.44,2017
"1115","Unnecessary Roughness",199,2666,0.78,10.41,2017
"1116","Defensive Offside",180,867,0.7,3.39,2017
"1117","Illegal Block Above the Waist",169,1600,0.66,6.25,2017
"1118","Neutral Zone Infraction",128,628,0.5,2.45,2017
"1119","Delay of Game",127,624,0.5,2.44,2017
"1120","Offensive Pass Interference",115,1103,0.45,4.31,2017
"1121","Illegal Use of Hands",107,671,0.42,2.62,2017
"1122","Roughing the Passer",105,1451,0.41,5.67,2017
"1123","Face Mask (15 Yards)",89,1198,0.35,4.68,2017
"1124","Unsportsmanlike Conduct",67,892,0.26,3.48,2017
"1125","Encroachment",53,253,0.21,0.99,2017
"1126","Illegal Formation",45,215,0.18,0.84,2017
"1127","Defensive 12 On-field",43,202,0.17,0.79,2017
"1128","Intentional Grounding",33,369,0.13,1.44,2017
"1129","Offside on Free Kick",32,160,0.13,0.63,2017
"1130","Illegal Contact",29,144,0.11,0.56,2017
"1131","Illegal Shift",24,121,0.09,0.47,2017
"1132","Horse Collar Tackle",20,271,0.08,1.06,2017
"1133","Taunting",18,251,0.07,0.98,2017
"1134","Ineligible Downfield Pass",14,70,0.05,0.27,2017
"1135","Illegal Blindside Block",11,146,0.04,0.57,2017
"1136","Illegal Motion",11,54,0.04,0.21,2017
"1137","Player Out of Bounds on Punt",11,55,0.04,0.21,2017
"1138","Tripping",10,100,0.04,0.39,2017
"1139","Offensive 12 On-field",10,48,0.04,0.19,2017
"1140","Leverage",9,126,0.04,0.49,2017
"1141","Illegal Forward Pass",9,35,0.04,0.14,2017
"1142","Running Into the Kicker",8,36,0.03,0.14,2017
"1143","Chop Block",7,103,0.03,0.4,2017
"1144","Illegal Touch Pass",7,0,0.03,0,2017
"1145","Illegal Substitution",6,29,0.02,0.11,2017
"1146","Disqualification",6,72,0.02,0.28,2017
"1147","Low Block",5,55,0.02,0.21,2017
"1148","Clipping",5,67,0.02,0.26,2017
"1149","Illegal Crackback",4,59,0.02,0.23,2017
"1150","Ineligible Downfield Kick",3,15,0.01,0.06,2017
"1151","Interference with Opportunity to",3,45,0.01,0.18,2017
"1152","Illegal Peelback",3,34,0.01,0.13,2017
"1153","Fair Catch Interference",3,30,0.01,0.12,2017
"1154","Illegal Touch Kick",3,5,0.01,0.02,2017
"1155","Defensive Delay of Game",2,10,0.01,0.04,2017
"1156","Delay of Kickoff",2,10,0.01,0.04,2017
"1157","Illegal Bat",1,0,0,0,2017
"1158","Roughing the Kicker",1,15,0,0.06,2017
"1159","Short Free Kick",1,5,0,0.02,2017
"1160","False Start, superseded. PENALTY",1,15,0,0.06,2017
"1161","Invalid Fair Catch Signal",1,5,0,0.02,2017
"1162","Leaping",1,6,0,0.02,2017
"1163","Offensive Holding",708,6844,2.77,26.73,2018
"1164","False Start",566,2763,2.21,10.79,2018
"1165","Defensive Holding",238,1098,0.93,4.29,2018
"1166","Defensive Pass Interference",236,4091,0.92,15.98,2018
"1167","Unnecessary Roughness",204,2646,0.8,10.34,2018
"1168","Illegal Block Above the Waist",185,1741,0.72,6.8,2018
"1169","Defensive Offside",144,707,0.56,2.76,2018
"1170","Neutral Zone Infraction",143,687,0.56,2.68,2018
"1171","Delay of Game",114,564,0.45,2.2,2018
"1172","Roughing the Passer",114,1491,0.45,5.82,2018
"1173","Face Mask (15 Yards)",89,1178,0.35,4.6,2018
"1174","Offensive Pass Interference",83,817,0.32,3.19,2018
"1175","Illegal Formation",72,356,0.28,1.39,2018
"1176","Illegal Use of Hands",71,431,0.28,1.68,2018
"1177","Unsportsmanlike Conduct",51,711,0.2,2.78,2018
"1178","Illegal Shift",43,216,0.17,0.84,2018
"1179","Illegal Contact",43,210,0.17,0.82,2018
"1180","Defensive Too Many Men on Field",42,182,0.16,0.71,2018
"1181","Encroachment",40,187,0.16,0.73,2018
"1182","Intentional Grounding",27,308,0.11,1.2,2018
"1183","Taunting",24,339,0.09,1.32,2018
"1184","Lowering the Head to Initiate Contact",16,231,0.06,0.9,2018
"1185","Ineligible Downfield Pass",16,80,0.06,0.31,2018
"1186","Horse Collar Tackle",14,153,0.05,0.6,2018
"1187","Offside on Free Kick",13,65,0.05,0.25,2018
"1188","Chop Block",12,175,0.05,0.68,2018
"1189","Illegal Motion",11,54,0.04,0.21,2018
"1190","Disqualification",10,123,0.04,0.48,2018
"1191","Tripping",9,88,0.04,0.34,2018
"1192","Illegal Substitution",8,37,0.03,0.14,2018
"1193","Illegal Touch Kick",8,35,0.03,0.14,2018
"1194","Roughing the Kicker",8,120,0.03,0.47,2018
"1195","Running Into the Kicker",8,39,0.03,0.15,2018
"1196","Ineligible Downfield Kick",7,35,0.03,0.14,2018
"1197","Illegal Blindside Block",7,85,0.03,0.33,2018
"1198","Player Out of Bounds on Kick",7,35,0.03,0.14,2018
"1199","Illegal Forward Pass",6,25,0.02,0.1,2018
"1200","Leverage",6,90,0.02,0.35,2018
"1201","Offensive Too Many Men on Field",6,29,0.02,0.11,2018
"1202","Kick Catch Interference",5,75,0.02,0.29,2018
"1203","Fair Catch Interference",4,60,0.02,0.23,2018
"1204","Illegal Touch Pass",4,0,0.02,0,2018
"1205","Clipping",3,42,0.01,0.16,2018
"1206","Low Block",2,15,0.01,0.06,2018
"1207","Illegal Crackback",2,30,0.01,0.12,2018
"1208","Illegal Wedge",1,7,0,0.03,2018
"1209","Defensive Delay of Game",1,5,0,0.02,2018
"1210","Offensive Holding",724,6976,2.83,27.25,2019
"1211","False Start",547,2648,2.14,10.34,2019
"1212","Defensive Pass Interference",269,4381,1.05,17.11,2019
"1213","Defensive Holding",245,1158,0.96,4.52,2019
"1214","Neutral Zone Infraction",162,772,0.63,3.02,2019
"1215","Illegal Block Above the Waist",159,1497,0.62,5.85,2019
"1216","Unnecessary Roughness",156,2055,0.61,8.03,2019
"1217","Defensive Offside",148,731,0.58,2.86,2019
"1218","Roughing the Passer",134,1808,0.52,7.06,2019
"1219","Delay of Game",121,589,0.47,2.3,2019
"1220","Offensive Pass Interference",99,1020,0.39,3.98,2019
"1221","Illegal Use of Hands",98,628,0.38,2.45,2019
"1222","Face Mask (15 Yards)",72,967,0.28,3.78,2019
"1223","Illegal Formation",68,339,0.27,1.32,2019
"1224","Illegal Shift",40,197,0.16,0.77,2019
"1225","Ineligible Downfield Pass",40,206,0.16,0.8,2019
"1226","Illegal Contact",36,180,0.14,0.7,2019
"1227","Unsportsmanlike Conduct",34,434,0.13,1.7,2019
"1228","Encroachment",34,153,0.13,0.6,2019
"1229","Intentional Grounding",33,367,0.13,1.43,2019
"1230","Defensive Too Many Men on Field",30,124,0.12,0.48,2019
"1231","Illegal Blindside Block",30,386,0.12,1.51,2019
"1232","Lowering the Head to Initiate Contact",29,401,0.11,1.57,2019
"1233","Horse Collar Tackle",19,233,0.07,0.91,2019
"1234","Illegal Double-Team Block",16,158,0.06,0.62,2019
"1235","Offensive Too Many Men on Field",13,65,0.05,0.25,2019
"1236","Disqualification",11,165,0.04,0.64,2019
"1237","Illegal Touch Kick",10,25,0.04,0.1,2019
"1238","Chop Block",10,149,0.04,0.58,2019
"1239","Taunting",9,120,0.04,0.47,2019
"1240","Offside on Free Kick",9,45,0.04,0.18,2019
"1241","Roughing the Kicker",8,104,0.03,0.41,2019
"1242","Illegal Motion",7,35,0.03,0.14,2019
"1243","Fair Catch Interference",7,105,0.03,0.41,2019
"1244","Tripping",7,70,0.03,0.27,2019
"1245","Illegal Forward Pass",7,35,0.03,0.14,2019
"1246","Kick Catch Interference",6,90,0.02,0.35,2019
"1247","Running Into the Kicker",5,25,0.02,0.1,2019
"1248","Player Out of Bounds on Kick",5,25,0.02,0.1,2019
"1249","Illegal Substitution",5,25,0.02,0.1,2019
"1250","Illegal Bat",3,4,0.01,0.02,2019
"1251","Ineligible Downfield Kick",2,10,0.01,0.04,2019
"1252","Defensive Delay of Game",2,10,0.01,0.04,2019
"1253","Invalid Fair Catch Signal",1,5,0,0.02,2019
"1254","Leverage",1,15,0,0.06,2019
"1255","Delay of Kickoff",1,5,0,0.02,2019
"1256","Clipping",1,15,0,0.06,2019
"1257","Low Block",1,12,0,0.05,2019
"1258","Illegal Crackback",1,15,0,0.06,2019
"1259","False Start",496,2418,1.94,9.45,2020
"1260","Offensive Holding",462,4452,1.8,17.39,2020
"1261","Defensive Pass Interference",309,4937,1.21,19.29,2020
"1262","Defensive Holding",175,889,0.68,3.47,2020
"1263","Unnecessary Roughness",158,2104,0.62,8.22,2020
"1264","Neutral Zone Infraction",154,743,0.6,2.9,2020
"1265","Defensive Offside",152,775,0.59,3.03,2020
"1266","Roughing the Passer",122,1606,0.48,6.27,2020
"1267","Delay of Game",119,588,0.46,2.3,2020
"1268","Illegal Block Above the Waist",92,857,0.36,3.35,2020
"1269","Face Mask (15 Yards)",71,981,0.28,3.83,2020
"1270","Offensive Pass Interference",62,604,0.24,2.36,2020
"1271","Illegal Contact",59,303,0.23,1.18,2020
"1272","Illegal Formation",50,263,0.2,1.03,2020
"1273","Illegal Use of Hands",48,324,0.19,1.27,2020
"1274","Intentional Grounding",43,458,0.17,1.79,2020
"1275","Encroachment",34,163,0.13,0.64,2020
"1276","Lowering the Head to Initiate Contact",34,475,0.13,1.86,2020
"1277","Defensive Too Many Men on Field",33,144,0.13,0.56,2020
"1278","Unsportsmanlike Conduct",26,316,0.1,1.23,2020
"1279","Ineligible Downfield Pass",26,140,0.1,0.55,2020
"1280","Illegal Shift",23,114,0.09,0.45,2020
"1281","Horse Collar Tackle",21,284,0.08,1.11,2020
"1282","Disqualification",17,209,0.07,0.82,2020
"1283","Illegal Blindside Block",16,182,0.06,0.71,2020
"1284","Illegal Double-Team Block",11,101,0.04,0.39,2020
"1285","Taunting",10,119,0.04,0.46,2020
"1286","Player Out of Bounds on Kick",8,40,0.03,0.16,2020
"1287","Offensive Too Many Men on Field",8,40,0.03,0.16,2020
"1288","Roughing the Kicker",7,101,0.03,0.39,2020
"1289","Chop Block",7,102,0.03,0.4,2020
"1290","Offside on Free Kick",6,30,0.02,0.12,2020
"1291","Tripping",6,65,0.02,0.25,2020
"1292","Illegal Crackback",6,90,0.02,0.35,2020
"1293","Clipping",6,84,0.02,0.33,2020
"1294","Illegal Motion",5,25,0.02,0.1,2020
"1295","Illegal Forward Pass",5,35,0.02,0.14,2020
"1296","Illegal Touch Pass",4,10,0.02,0.04,2020
"1297","Illegal Touch Kick",4,20,0.02,0.08,2020
"1298","Running Into the Kicker",3,14,0.01,0.05,2020
"1299","Offensive Offside",3,15,0.01,0.06,2020
"1300","Ineligible Downfield Kick",2,10,0.01,0.04,2020
"1301","Defensive Delay of Game",2,10,0.01,0.04,2020
"1302","Illegal Wedge",1,12,0,0.05,2020
"1303","Fair Catch Interference",1,15,0,0.06,2020
"1304","Leverage",1,15,0,0.06,2020
"1305","Illegal Substitution",1,15,0,0.06,2020
"1306","Kick Catch Interference",1,15,0,0.06,2020
